<?xml version="1.0" encoding="UTF-8" ?>
<dt-example table-type="" order="4">

<css lib="datatables buttons select editor" />
<js lib="moment jquery datatables buttons select editor">
<![CDATA[

var editor; // use a global for the submit and return data rendering in the examples

$(document).ready(function() {
	editor = new $.fn.dataTable.Editor( {
		ajax: '../php/time.php',
		table: '#example',
		fields: [ {
				label: 'First name:',
				name:  'first_name'
			}, {
				label: 'Last name:',
				name:  'last_name'
			}, {
				label: 'City:',
				name:  'city'
			}, {
				label: 'Shift start:',
				name:  'shift_start',
				type:  'datetime',
				format: 'h:mm A',
				fieldInfo: '12 hour clock format'
			}, {
				label: 'Shift end:',
				name:  'shift_end',
				type:  'datetime',
				format: 'HH:mm:ss',
				fieldInfo: '24 hour clock format with seconds'
			}
		]
	} );

	$('#example').DataTable( {
		dom: 'Bfrtip',
		ajax: '../php/time.php',
		columns: [
			{ data: 'first_name' },
			{ data: 'last_name' },
			{ data: 'city' },
			{ data: 'shift_start' },
			{ data: 'shift_end' }
		],
		select: true,
		buttons: [
			{ extend: 'create', editor: editor },
			{ extend: 'edit',   editor: editor },
			{ extend: 'remove', editor: editor }
		]
	} );
} );

]]>
</js>

<title lib="Editor">Time inputs</title>

<info><![CDATA[

Time fields can be augmented by the `e-field datetime` field type to add a GUI widget that can help users enter data. All that is required is that the `format` option be set to the format required and it will automatically detect what elements it should display.

In this example the two time columns use different formats (you wouldn't do this normally, but it is useful for this example!) - the _Shift start_ field uses a 12 hour clock with an AM/PM selector, while the _Shift end_ field uses a 24 hour with seconds. The formats are defined by [momentjs](http://momentjs.com/docs/#/parsing/string-format/) which must be included for the `e-field datetime` field type to operate with time formatted strings.

]]></info>

<custom-table>
	<table class="display" id="example" width="100%">
		<thead>
			<tr>
				<th>First name</th>
				<th>Last name</th>
				<th>City</th>
				<th>Shift start</th>
				<th>Shift end</th>
			</tr>
		</thead>
	</table>
</custom-table>

</dt-example>

