<?xml version="1.0" encoding="UTF-8" ?>
<dt-example table-type="ajax" order="3">

<css lib="datatables buttons select editor"/>
<js lib="jquery datatables buttons select editor">
<![CDATA[

var editor; // use a global for the submit and return data rendering in the examples

$(document).ready(function() {
	editor = new $.fn.dataTable.Editor( {
		ajax: "../php/staff.php",
		table: "#example",
		fields: [ {
				label: "First name:",
				name: "first_name"
			}, {
				label: "Last name:",
				name: "last_name"
			}, {
				label: "Position:",
				name: "position"
			}, {
				label: "Office:",
				name: "office"
			}, {
				label: "Extension:",
				name: "extn"
			}, {
				label: "Start date:",
				name: "start_date",
				type: "datetime"
			}, {
				label: "Salary:",
				name: "salary"
			}
		]
	} );

	$('#example').on( 'click', 'tbody td:not(:first-child)', function (e) {
		editor.inline( this, {
			onBlur: 'submit'
		} );
	} );

	$('#example').DataTable( {
		dom: "Bfrtip",
		ajax: "../php/staff.php",
		columns: [
			{
				data: null,
				defaultContent: '',
				className: 'select-checkbox',
				orderable: false
			},
			{ data: "first_name" },
			{ data: "last_name" },
			{ data: "position" },
			{ data: "office" },
			{ data: "start_date" },
			{ data: "salary", render: $.fn.dataTable.render.number( ',', '.', 0, '$' ) }
		],
		order: [ 1, 'asc' ],
		select: {
			style:    'os',
			selector: 'td:first-child'
		},
		buttons: [
			{ extend: "create", editor: editor },
			{ extend: "edit",   editor: editor },
			{ extend: "remove", editor: editor }
		]
	} );
} );

]]>
</js>

<title lib="Editor">Editing options - submit on blur</title>

<info><![CDATA[

Like the other editing methods in Editor, the `e-api inline()` method accepts an optional `e-type form-options` parameter which can be used to control the behaviour of the inline form.

In this case the `onBlur` option is used to instruct Editor to submit and save any changes that have been made whenever the field looses focus. This can be particularly effective when [combined with KeyTable](../extensions/keyTable.html) for Excel like navigation.

]]></info>

<custom-table>
	<table id="example" class="display" cellspacing="0" width="100%">
		<thead>
			<tr>
				<th></th>
				<th>First name</th>
				<th>Last name</th>
				<th>Position</th>
				<th>Office</th>
				<th width="18%">Start date</th>
				<th>Salary</th>
			</tr>
		</thead>
	</table>
</custom-table>

</dt-example>

